PathFragments,Categories
games,Games
games/techniques,Techniques
games/tutorials,Tutorials
glossary,Glossary
learn_web_development,Learn
learn_web_development/core,"Core Modules"
learn_web_development/extensions,Extensions
learn_web_development/getting_started,"Getting Started"
learn_web_development/howto,"How To"
mdn/community,"MDN Community"
mdn/writing_guidelines,"MDN Writing Guidelines"
mozilla/add-ons,"Firefox Add-ons"
mozilla/firefox,Firefox
mozilla/firefox/releases,Versions
web/accessibility/aria,ARIA
web/accessibility/aria/guides,Guides
web/accessibility/aria/reference/attributes,Attributes
web/accessibility/aria/reference/roles,Roles
web/api,"Web APIs"
web/css,CSS
web/css/guides,Guides
web/css/how_to,"How To"
web/css/reference/at-rules,At-rules
web/css/reference/properties,Properties
web/css/reference/selectors,Selectors
web/css/reference/values,Values
web/css/tutorials,Tutorials
web/html,HTML
web/html/guides,Guides
web/html/how_to,"How To"
web/html/reference/attributes,Attributes
web/html/reference/elements,Elements
web/html/reference/global_attributes,"Global Attributes"
web/http,HTTP
web/http/guides,Guides
web/http/reference/headers,Headers
web/http/reference/methods,Methods
web/http/reference/status,Status
web/javascript,JavaScript
web/javascript/guides,Guides
web/javascript/reference/classes,Classes
web/javascript/reference/errors,Errors
web/javascript/reference/global_objects,"Global Objects"
web/javascript/reference/functions,Functions
web/javascript/reference/operators,Operators
web/javascript/reference/regular_expressions,"Regular Expressions"
web/javascript/reference/statements,Statements
web/mathml,MathML
web/mathml/guides,Guides
web/mathml/reference/element,Element
web/mathml/reference/global_attributes,"Global Attributes"
web/mathml/tutorials,Tutorials
web/media,Media
web/media/guides,Guides
web/performance,Performance
web/performance/guides,Guides
web/privacy,Privacy
web/privacy/guides,Guides
web/progressive_web_apps,PWAs
web/progressive_web_apps/guides,Guides
web/progressive_web_apps/how_to,"How To"
web/progressive_web_apps/manifest,Manifest
web/progressive_web_apps/tutorials,Tutorials
web/security,Security
web/security/attacks,Attacks
web/security/authentication,Authentication
web/security/defenses,Defenses
web/security/practical_implementation_guides,"Practical Implementation Guides"
web/svg,SVG
web/svg/guides,Guides
web/svg/reference/attribute,Attribute
web/svg/reference/element,Element
web/svg/tutorials,Tutorials
web/webdriver,WebDriver
web/webdriver/reference/classic/commands,"Classic Commands"
web/webdriver/reference/errors,Errors
web/uri,URI
web/xml,XML
web/xml/exslt,EXSLT
web/xml/guides,Guides
web/xml/xpath,XPath
web/xml/xpath/guides,Guides
web/xml/xpath/reference/functions,Functions
web/xml/xslt,XSLT
web/xml/xslt/guides,Guides
web/xml/xslt/reference/element,Element
webassembly,WebAssembly
webassembly/guides,Guides
webassembly/reference/control_flow,"Control Flow"
webassembly/reference/javascript_interface,"JavaScript Interface"
webassembly/reference/memory,Memory
webassembly/reference/numeric,Numeric
webassembly/reference/table,Table
webassembly/reference/variables,Variables
